Card_Name,Rarity,RH?,Number,Market_Price,Listed_Median,Adjusted_Price,Slot_1,Slot_2,Slot_3,Slot_4,Slot_5,Slot_6,Slot_7,Slot_8,Slot_9,Slot_10,Slot_11
Oddish,Common,No,001/197,$0.04 ,$0.08 ,$0.10 ,0.010638298,0.010638298,0.010638298,0.010638298,0,0,0,0,0,0,0
Gloom,Common,No,002/197,$0.06 ,$0.10 ,$0.10 ,0.010638298,0.010638298,0.010638298,0.010638298,0,0,0,0,0,0,0
Bellossom,Uncommon,No,003/197,$0.07 ,$0.10 ,$0.10 ,0,0,0,0,0.013888889,0.013888889,0.013888889,0,0,0,0
Scyther,Common,No,004/197,$0.09 ,$0.11 ,$0.10 ,0.010638298,0.010638298,0.010638298,0.010638298,0,0,0,0,0,0,0
Shuckle,Common,No,005/197,$0.05 ,$0.10 ,$0.10 ,0.010638298,0.010638298,0.010638298,0.010638298,0,0,0,0,0,0,0
Surskit,Common,No,006/197,$0.03 ,$0.09 ,$0.10 ,0.010638298,0.010638298,0.010638298,0.010638298,0,0,0,0,0,0,0
Masquerain,Uncommon,No,007/197,$0.05 ,$0.10 ,$0.10 ,0,0,0,0,0.013888889,0.013888889,0.013888889,0,0,0,0
Combee,Common,No,008/197,$0.03 ,$0.08 ,$0.10 ,0.010638298,0.010638298,0.010638298,0.010638298,0,0,0,0,0,0,0
Foongus,Common,No,009/197,$0.05 ,$0.09 ,$0.10 ,0.010638298,0.010638298,0.010638298,0.010638298,0,0,0,0,0,0,0
Amoonguss,Uncommon,No,010/197,$0.06 ,$0.10 ,$0.10 ,0,0,0,0,0.013888889,0.013888889,0.013888889,0,0,0,0
Phantump,Common,No,011/197,$0.03 ,$0.10 ,$0.10 ,0.010638298,0.010638298,0.010638298,0.010638298,0,0,0,0,0,0,0
Trevenant,Uncommon,No,012/197,$0.07 ,$0.10 ,$0.10 ,0,0,0,0,0.013888889,0.013888889,0.013888889,0,0,0,0
Rowlet,Common,No,013/197,$0.05 ,$0.10 ,$0.10 ,0.010638298,0.010638298,0.010638298,0.010638298,0,0,0,0,0,0,0
Dartrix,Uncommon,No,014/197,$0.09 ,$0.09 ,$0.10 ,0,0,0,0,0.013888889,0.013888889,0.013888889,0,0,0,0
Decidueye ex,Double Rare,No,015/197,$1.39 ,—,$1.53 ,0,0,0,0,0,0,0,0,0,0.006480952,0
Bounsweet,Common,No,016/197,$0.04 ,$0.06 ,$0.10 ,0.010638298,0.010638298,0.010638298,0.010638298,0,0,0,0,0,0,0
Steenee,Common,No,017/197,$0.04 ,$0.10 ,$0.10 ,0.010638298,0.010638298,0.010638298,0.010638298,0,0,0,0,0,0,0
Tsareena,Uncommon,No,018/197,$0.07 ,$0.10 ,$0.10 ,0,0,0,0,0.013888889,0.013888889,0.013888889,0,0,0,0
Smoliv,Common,No,019/197,$0.03 ,$0.08 ,$0.10 ,0.010638298,0.010638298,0.010638298,0.010638298,0,0,0,0,0,0,0
Dolliv,Common,No,020/197,$0.06 ,$0.10 ,$0.10 ,0.010638298,0.010638298,0.010638298,0.010638298,0,0,0,0,0,0,0
Arboliva,Uncommon,No,021/197,$0.08 ,$0.10 ,$0.10 ,0,0,0,0,0.013888889,0.013888889,0.013888889,0,0,0,0
Toedscruel ex,Double Rare,No,022/197,$1.68 ,—,$1.85 ,0,0,0,0,0,0,0,0,0,0.006480952,0
Capsakid - 023/197,Common,No,023/197,$0.04 ,$0.10 ,$0.10 ,0.010638298,0.010638298,0.010638298,0.010638298,0,0,0,0,0,0,0
Capsakid - 024/197,Common,No,024/197,$0.06 ,$0.08 ,$0.10 ,0.010638298,0.010638298,0.010638298,0.010638298,0,0,0,0,0,0,0
Scovillain,Rare,No,025/197,$0.05 ,—,$0.25 ,0,0,0,0,0,0,0,0,0,0.07976,0
Charmander,Common,No,026/197,$0.08 ,$0.11 ,$0.10 ,0.010638298,0.010638298,0.010638298,0.010638298,0,0,0,0,0,0,0
Charmeleon,Uncommon,No,027/197,$0.09 ,$0.11 ,$0.10 ,0,0,0,0,0.013888889,0.013888889,0.013888889,0,0,0,0
Vulpix,Common,No,028/197,$0.05 ,$0.10 ,$0.10 ,0.010638298,0.010638298,0.010638298,0.010638298,0,0,0,0,0,0,0
Ninetales,Uncommon,No,029/197,$0.08 ,$0.12 ,$0.10 ,0,0,0,0,0.013888889,0.013888889,0.013888889,0,0,0,0
Entei,Rare,No,030/197,$0.07 ,—,$0.25 ,0,0,0,0,0,0,0,0,0,0.07976,0
Numel,Common,No,031/197,$0.03 ,$0.08 ,$0.10 ,0.010638298,0.010638298,0.010638298,0.010638298,0,0,0,0,0,0,0
Camerupt,Uncommon,No,032/197,$0.05 ,$0.10 ,$0.10 ,0,0,0,0,0.013888889,0.013888889,0.013888889,0,0,0,0
Victini ex,Double Rare,No,033/197,$0.78 ,—,$1.00 ,0,0,0,0,0,0,0,0,0,0.006480952,0
Darumaka,Common,No,034/197,$0.03 ,$0.08 ,$0.10 ,0.010638298,0.010638298,0.010638298,0.010638298,0,0,0,0,0,0,0
Darmanitan,Uncommon,No,035/197,$0.04 ,$0.10 ,$0.10 ,0,0,0,0,0.013888889,0.013888889,0.013888889,0,0,0,0
Litwick,Common,No,036/197,$0.04 ,$0.08 ,$0.10 ,0.010638298,0.010638298,0.010638298,0.010638298,0,0,0,0,0,0,0
Lampent,Common,No,037/197,$0.06 ,$0.10 ,$0.10 ,0.010638298,0.010638298,0.010638298,0.010638298,0,0,0,0,0,0,0
Chandelure,Uncommon,No,038/197,$0.07 ,$0.11 ,$0.10 ,0,0,0,0,0.013888889,0.013888889,0.013888889,0,0,0,0
Heatmor,Common,No,039/197,$0.04 ,$0.10 ,$0.10 ,0.010638298,0.010638298,0.010638298,0.010638298,0,0,0,0,0,0,0
Larvesta,Common,No,040/197,$0.03 ,$0.06 ,$0.10 ,0.010638298,0.010638298,0.010638298,0.010638298,0,0,0,0,0,0,0
Volcarona,Uncommon,No,041/197,$0.07 ,$0.10 ,$0.10 ,0,0,0,0,0.013888889,0.013888889,0.013888889,0,0,0,0
Eiscue ex,Double Rare,No,042/197,$1.06 ,—,$1.17 ,0,0,0,0,0,0,0,0,0,0.006480952,0
Charcadet,Common,No,043/197,$0.04 ,$0.08 ,$0.10 ,0.010638298,0.010638298,0.010638298,0.010638298,0,0,0,0,0,0,0
Armarouge,Uncommon,No,044/197,$0.05 ,$0.10 ,$0.10 ,0,0,0,0,0.013888889,0.013888889,0.013888889,0,0,0,0
Lapras,Uncommon,No,045/197,$0.06 ,$0.10 ,$0.10 ,0,0,0,0,0.013888889,0.013888889,0.013888889,0,0,0,0
Carvanha,Common,No,046/197,$0.04 ,$0.10 ,$0.10 ,0.010638298,0.010638298,0.010638298,0.010638298,0,0,0,0,0,0,0
Sharpedo,Uncommon,No,047/197,$0.06 ,$0.11 ,$0.10 ,0,0,0,0,0.013888889,0.013888889,0.013888889,0,0,0,0
Buizel,Common,No,048/197,$0.03 ,$0.05 ,$0.10 ,0.010638298,0.010638298,0.010638298,0.010638298,0,0,0,0,0,0,0
Floatzel,Uncommon,No,049/197,$0.03 ,$0.10 ,$0.10 ,0,0,0,0,0.013888889,0.013888889,0.013888889,0,0,0,0
Tympole,Common,No,050/197,$0.05 ,$0.10 ,$0.10 ,0.010638298,0.010638298,0.010638298,0.010638298,0,0,0,0,0,0,0
Palpitoad,Common,No,051/197,$0.05 ,$0.10 ,$0.10 ,0.010638298,0.010638298,0.010638298,0.010638298,0,0,0,0,0,0,0
Seismitoad,Uncommon,No,052/197,$0.09 ,$0.15 ,$0.10 ,0,0,0,0,0.013888889,0.013888889,0.013888889,0,0,0,0
Cubchoo,Common,No,053/197,$0.04 ,$0.10 ,$0.10 ,0.010638298,0.010638298,0.010638298,0.010638298,0,0,0,0,0,0,0
Beartic,Uncommon,No,054/197,$0.05 ,$0.10 ,$0.10 ,0,0,0,0,0.013888889,0.013888889,0.013888889,0,0,0,0
Cryogonal,Common,No,055/197,$0.05 ,$0.10 ,$0.10 ,0.010638298,0.010638298,0.010638298,0.010638298,0,0,0,0,0,0,0
Froakie,Common,No,056/197,$0.05 ,$0.10 ,$0.10 ,0.010638298,0.010638298,0.010638298,0.010638298,0,0,0,0,0,0,0
Frogadier,Uncommon,No,057/197,$0.05 ,$0.10 ,$0.10 ,0,0,0,0,0.013888889,0.013888889,0.013888889,0,0,0,0
Wiglett,Common,No,058/197,$0.03 ,$0.10 ,$0.10 ,0.010638298,0.010638298,0.010638298,0.010638298,0,0,0,0,0,0,0
Wugtrio,Uncommon,No,059/197,$0.06 ,$0.10 ,$0.10 ,0,0,0,0,0.013888889,0.013888889,0.013888889,0,0,0,0
Finizen 60/197,Common,No,060/197,$0.08 ,$0.12 ,$0.10 ,0.010638298,0.010638298,0.010638298,0.010638298,0,0,0,0,0,0,0
Finizen 061/197,Common,No,061/197,$0.06 ,$0.10 ,$0.10 ,0.010638298,0.010638298,0.010638298,0.010638298,0,0,0,0,0,0,0
Palafin,Rare,No,062/197,$0.08 ,—,$0.25 ,0,0,0,0,0,0,0,0,0,0.07976,0
Magnemite,Common,No,063/197,$0.03 ,$0.08 ,$0.10 ,0.010638298,0.010638298,0.010638298,0.010638298,0,0,0,0,0,0,0
Magneton,Common,No,064/197,$0.06 ,$0.10 ,$0.10 ,0.010638298,0.010638298,0.010638298,0.010638298,0,0,0,0,0,0,0
Magnezone,Uncommon,No,065/197,$0.07 ,$0.10 ,$0.10 ,0,0,0,0,0.013888889,0.013888889,0.013888889,0,0,0,0
Tyranitar ex,Double Rare,No,066/197,$3.09 ,—,$3.40 ,0,0,0,0,0,0,0,0,0,0.006480952,0
Tynamo,Common,No,067/197,$0.05 ,$0.10 ,$0.10 ,0.010638298,0.010638298,0.010638298,0.010638298,0,0,0,0,0,0,0
Eelektrik,Common,No,068/197,$0.05 ,$0.10 ,$0.10 ,0.010638298,0.010638298,0.010638298,0.010638298,0,0,0,0,0,0,0
Eelektross,Uncommon,No,069/197,$0.08 ,$0.13 ,$0.10 ,0,0,0,0,0.013888889,0.013888889,0.013888889,0,0,0,0
Thundurus,Rare,No,070/197,$0.03 ,—,$0.25 ,0,0,0,0,0,0,0,0,0,0.07976,0
Toxel,Common,No,071/197,$0.05 ,$0.10 ,$0.10 ,0.010638298,0.010638298,0.010638298,0.010638298,0,0,0,0,0,0,0
Toxtricity,Rare,No,072/197,$0.07 ,—,$0.25 ,0,0,0,0,0,0,0,0,0,0.07976,0
Pawmot ex,Double Rare,No,073/197,$0.92 ,—,$1.00 ,0,0,0,0,0,0,0,0,0,0.006480952,0
Tadbulb 074/197,Common,No,074/197,$0.05 ,$0.10 ,$0.10 ,0.010638298,0.010638298,0.010638298,0.010638298,0,0,0,0,0,0,0
Tadbulb 075/197,Common,No,075/197,$0.06 ,$0.10 ,$0.10 ,0.010638298,0.010638298,0.010638298,0.010638298,0,0,0,0,0,0,0
Tadbulb 076/197,Common,No,076/197,$0.06 ,$0.10 ,$0.10 ,0.010638298,0.010638298,0.010638298,0.010638298,0,0,0,0,0,0,0
Bellibolt 077/197,Uncommon,No,077/197,$0.07 ,$0.12 ,$0.10 ,0,0,0,0,0.013888889,0.013888889,0.013888889,0,0,0,0
Bellibolt 078/197,Uncommon,No,078/197,$0.07 ,$0.14 ,$0.10 ,0,0,0,0,0.013888889,0.013888889,0.013888889,0,0,0,0
Miraidon ex,Double Rare,No,079/197,$1.03 ,—,$1.13 ,0,0,0,0,0,0,0,0,0,0.006480952,0
Cleffa,Common,No,080/197,$0.08 ,$0.13 ,$0.10 ,0.010638298,0.010638298,0.010638298,0.010638298,0,0,0,0,0,0,0
Clefairy,Common,No,081/197,$0.09 ,$0.10 ,$0.10 ,0.010638298,0.010638298,0.010638298,0.010638298,0,0,0,0,0,0,0
Clefable ex,Double Rare,No,082/197,$1.15 ,—,$1.27 ,0,0,0,0,0,0,0,0,0,0.006480952,0
Togepi,Common,No,083/197,$0.05 ,$0.10 ,$0.10 ,0.010638298,0.010638298,0.010638298,0.010638298,0,0,0,0,0,0,0
Togetic,Uncommon,No,084/197,$0.05 ,$0.10 ,$0.10 ,0,0,0,0,0.013888889,0.013888889,0.013888889,0,0,0,0
Togekiss,Rare,No,085/197,$0.06 ,$0.49 ,$0.25 ,0,0,0,0,0,0,0,0,0,0.07976,0
Espeon,Uncommon,No,086/197,$0.11 ,$0.15 ,$0.25 ,0,0,0,0,0.013888889,0.013888889,0.013888889,0,0,0,0
Snubbull,Common,No,087/197,$0.07 ,$0.10 ,$0.10 ,0.010638298,0.010638298,0.010638298,0.010638298,0,0,0,0,0,0,0
Granbull,Uncommon,No,088/197,$0.04 ,$0.10 ,$0.10 ,0,0,0,0,0.013888889,0.013888889,0.013888889,0,0,0,0
Mawile - 089/197,Common,No,089/197,$0.07 ,$0.10 ,$0.10 ,0.010638298,0.010638298,0.010638298,0.010638298,0,0,0,0,0,0,0
Spoink,Common,No,090/197,$0.04 ,$0.10 ,$0.10 ,0.010638298,0.010638298,0.010638298,0.010638298,0,0,0,0,0,0,0
Grumpig,Uncommon,No,091/197,$0.04 ,$0.10 ,$0.10 ,0,0,0,0,0.013888889,0.013888889,0.013888889,0,0,0,0
Lunatone,Uncommon,No,092/197,$0.06 ,$0.10 ,$0.10 ,0,0,0,0,0.013888889,0.013888889,0.013888889,0,0,0,0
Solrock,Uncommon,No,093/197,$0.07 ,$0.12 ,$0.10 ,0,0,0,0,0.013888889,0.013888889,0.013888889,0,0,0,0
Baltoy,Common,No,094/197,$0.03 ,$0.08 ,$0.10 ,0.010638298,0.010638298,0.010638298,0.010638298,0,0,0,0,0,0,0
Claydol,Rare,No,095/197,$0.05 ,—,$0.25 ,0,0,0,0,0,0,0,0,0,0.07976,0
Vespiquen ex,Double Rare,No,096/197,$1.19 ,—,$1.31 ,0,0,0,0,0,0,0,0,0,0.006480952,0
Sinistea,Common,No,097/197,$0.05 ,$0.10 ,$0.10 ,0.010638298,0.010638298,0.010638298,0.010638298,0,0,0,0,0,0,0
Polteageist,Uncommon,No,098/197,$0.04 ,$0.10 ,$0.10 ,0,0,0,0,0.013888889,0.013888889,0.013888889,0,0,0,0
Greavard - 099/197,Common,No,099/197,$0.06 ,$0.10 ,$0.10 ,0.010638298,0.010638298,0.010638298,0.010638298,0,0,0,0,0,0,0
Greavard - 100/197,Common,No,100/197,$0.05 ,$0.10 ,$0.10 ,0.010638298,0.010638298,0.010638298,0.010638298,0,0,0,0,0,0,0
Houndstone,Uncommon,No,101/197,$0.06 ,$0.10 ,$0.10 ,0,0,0,0,0.013888889,0.013888889,0.013888889,0,0,0,0
Houndstone ex,Double Rare,No,102/197,$0.87 ,—,$1.00 ,0,0,0,0,0,0,0,0,0,0.006480952,0
Diglett,Common,No,103/197,$0.04 ,$0.10 ,$0.10 ,0.010638298,0.010638298,0.010638298,0.010638298,0,0,0,0,0,0,0
Dugtrio,Uncommon,No,104/197,$0.04 ,$0.10 ,$0.10 ,0,0,0,0,0.013888889,0.013888889,0.013888889,0,0,0,0
Larvitar,Common,No,105/197,$0.06 ,$0.10 ,$0.10 ,0.010638298,0.010638298,0.010638298,0.010638298,0,0,0,0,0,0,0
Pupitar,Uncommon,No,106/197,$0.07 ,$0.13 ,$0.10 ,0,0,0,0,0.013888889,0.013888889,0.013888889,0,0,0,0
Nosepass,Common,No,107/197,$0.04 ,$0.10 ,$0.10 ,0.010638298,0.010638298,0.010638298,0.010638298,0,0,0,0,0,0,0
Barboach,Common,No,108/197,$0.04 ,$0.10 ,$0.10 ,0.010638298,0.010638298,0.010638298,0.010638298,0,0,0,0,0,0,0
Whiscash,Uncommon,No,109/197,$0.05 ,$0.10 ,$0.10 ,0,0,0,0,0.013888889,0.013888889,0.013888889,0,0,0,0
Bonsly,Common,No,110/197,$0.07 ,$0.10 ,$0.10 ,0.010638298,0.010638298,0.010638298,0.010638298,0,0,0,0,0,0,0
Drilbur,Common,No,111/197,$0.06 ,$0.10 ,$0.10 ,0.010638298,0.010638298,0.010638298,0.010638298,0,0,0,0,0,0,0
Stunfisk,Uncommon,No,112/197,$0.04 ,$0.10 ,$0.10 ,0,0,0,0,0.013888889,0.013888889,0.013888889,0,0,0,0
Diggersby,Uncommon,No,113/197,$0.04 ,$0.09 ,$0.10 ,0,0,0,0,0.013888889,0.013888889,0.013888889,0,0,0,0
Crabrawler,Common,No,114/197,$0.05 ,$0.10 ,$0.10 ,0.010638298,0.010638298,0.010638298,0.010638298,0,0,0,0,0,0,0
Crabominable,Uncommon,No,115/197,$0.03 ,$0.09 ,$0.10 ,0,0,0,0,0.013888889,0.013888889,0.013888889,0,0,0,0
Rockruff,Common,No,116/197,$0.05 ,$0.10 ,$0.10 ,0.010638298,0.010638298,0.010638298,0.010638298,0,0,0,0,0,0,0
Lycanroc,Uncommon,No,117/197,$0.04 ,$0.10 ,$0.10 ,0,0,0,0,0.013888889,0.013888889,0.013888889,0,0,0,0
Toedscool,Common,No,118/197,$0.03 ,$0.09 ,$0.10 ,0.010638298,0.010638298,0.010638298,0.010638298,0,0,0,0,0,0,0
Toedscruel,Uncommon,No,119/197,$0.05 ,$0.10 ,$0.10 ,0,0,0,0,0.013888889,0.013888889,0.013888889,0,0,0,0
Klawf ex,Double Rare,No,120/197,$0.85 ,—,$1.00 ,0,0,0,0,0,0,0,0,0,0.006480952,0
Glimmet - 121/197,Common,No,121/197,$0.04 ,$0.10 ,$0.10 ,0.010638298,0.010638298,0.010638298,0.010638298,0,0,0,0,0,0,0
Glimmet - 122/197,Common,No,122/197,$0.04 ,$0.10 ,$0.10 ,0.010638298,0.010638298,0.010638298,0.010638298,0,0,0,0,0,0,0
Glimmora ex,Double Rare,No,123/197,$1.21 ,—,$1.33 ,0,0,0,0,0,0,0,0,0,0.006480952,0
Koraidon ex,Double Rare,No,124/197,$0.84 ,—,$1.00 ,0,0,0,0,0,0,0,0,0,0.006480952,0
Charizard ex,Double Rare,No,125/197,$22.86 ,—,$25.15 ,0,0,0,0,0,0,0,0,0,0.006480952,0
Paldean Wooper - 126/197,Common,No,126/197,$0.07 ,$0.10 ,$0.10 ,0.010638298,0.010638298,0.010638298,0.010638298,0,0,0,0,0,0,0
Paldean Wooper - 127/197,Common,No,127/197,$0.06 ,$0.10 ,$0.10 ,0.010638298,0.010638298,0.010638298,0.010638298,0,0,0,0,0,0,0
Paldean Clodsire - 128/197,Uncommon,No,128/197,$0.09 ,$0.14 ,$0.10 ,0,0,0,0,0.013888889,0.013888889,0.013888889,0,0,0,0
Paldean Clodsire - 129/197,Uncommon,No,129/197,$0.09 ,$0.15 ,$0.10 ,0,0,0,0,0.013888889,0.013888889,0.013888889,0,0,0,0
Umbreon,Uncommon,No,130/197,$0.18 ,$0.20 ,$0.25 ,0,0,0,0,0.013888889,0.013888889,0.013888889,0,0,0,0
Houndour - 131/197,Common,No,131/197,$0.05 ,$0.10 ,$0.10 ,0.010638298,0.010638298,0.010638298,0.010638298,0,0,0,0,0,0,0
Houndour - 132/197,Common,No,132/197,$0.05 ,$0.10 ,$0.10 ,0.010638298,0.010638298,0.010638298,0.010638298,0,0,0,0,0,0,0
Houndoom,Uncommon,No,133/197,$0.05 ,$0.10 ,$0.10 ,0,0,0,0,0.013888889,0.013888889,0.013888889,0,0,0,0
Houndoom ex,Double Rare,No,134/197,$0.98 ,—,$1.00 ,0,0,0,0,0,0,0,0,0,0.006480952,0
Absol ex,Double Rare,No,135/197,$0.93 ,—,$1.00 ,0,0,0,0,0,0,0,0,0,0.006480952,0
Darkrai,Rare,No,136/197,$0.06 ,—,$0.25 ,0,0,0,0,0,0,0,0,0,0.07976,0
Inkay,Common,No,137/197,$0.06 ,$0.09 ,$0.10 ,0.010638298,0.010638298,0.010638298,0.010638298,0,0,0,0,0,0,0
Malamar,Uncommon,No,138/197,$0.04 ,$0.10 ,$0.10 ,0,0,0,0,0.013888889,0.013888889,0.013888889,0,0,0,0
Salandit,Common,No,139/197,$0.04 ,$0.09 ,$0.10 ,0.010638298,0.010638298,0.010638298,0.010638298,0,0,0,0,0,0,0
Salazzle,Uncommon,No,140/197,$0.03 ,$0.10 ,$0.10 ,0,0,0,0,0.013888889,0.013888889,0.013888889,0,0,0,0
Scizor,Rare,No,141/197,$0.09 ,—,$0.25 ,0,0,0,0,0,0,0,0,0,0.07976,0
Skarmory,Uncommon,No,142/197,$0.05 ,$0.10 ,$0.10 ,0,0,0,0,0.013888889,0.013888889,0.013888889,0,0,0,0
Mawile,Uncommon,No,143/197,$0.05 ,$0.10 ,$0.10 ,0,0,0,0,0.013888889,0.013888889,0.013888889,0,0,0,0
Bronzor,Common,No,144/197,$0.04 ,$0.10 ,$0.10 ,0.010638298,0.010638298,0.010638298,0.010638298,0,0,0,0,0,0,0
Bronzong,Uncommon,No,145/197,$0.03 ,$0.09 ,$0.10 ,0,0,0,0,0.013888889,0.013888889,0.013888889,0,0,0,0
Probopass,Uncommon,No,146/197,$0.04 ,$0.10 ,$0.10 ,0,0,0,0,0.013888889,0.013888889,0.013888889,0,0,0,0
Excadrill,Uncommon,No,147/197,$0.05 ,$0.09 ,$0.10 ,0,0,0,0,0.013888889,0.013888889,0.013888889,0,0,0,0
Pawniard,Common,No,148/197,$0.04 ,$0.09 ,$0.10 ,0.010638298,0.010638298,0.010638298,0.010638298,0,0,0,0,0,0,0
Bisharp,Common,No,149/197,$0.05 ,$0.10 ,$0.10 ,0.010638298,0.010638298,0.010638298,0.010638298,0,0,0,0,0,0,0
Kingambit,Uncommon,No,150/197,$0.10 ,$0.15 ,$0.10 ,0,0,0,0,0.013888889,0.013888889,0.013888889,0,0,0,0
Togedemaru,Common,No,151/197,$0.05 ,$0.10 ,$0.10 ,0.010638298,0.010638298,0.010638298,0.010638298,0,0,0,0,0,0,0
Meltan,Common,No,152/197,$0.06 ,$0.10 ,$0.10 ,0.010638298,0.010638298,0.010638298,0.010638298,0,0,0,0,0,0,0
Melmetal ex,Double Rare,No,153/197,$0.72 ,—,$1.00 ,0,0,0,0,0,0,0,0,0,0.006480952,0
Varoom - 154/197,Common,No,154/197,$0.05 ,$0.10 ,$0.10 ,0.010638298,0.010638298,0.010638298,0.010638298,0,0,0,0,0,0,0
Varoom - 155/197,Common,No,155/197,$0.06 ,$0.10 ,$0.10 ,0.010638298,0.010638298,0.010638298,0.010638298,0,0,0,0,0,0,0
Revavroom ex,Double Rare,No,156/197,$0.92 ,—,$1.00 ,0,0,0,0,0,0,0,0,0,0.006480952,0
Dratini,Common,No,157/197,$0.04 ,$0.10 ,$0.10 ,0.010638298,0.010638298,0.010638298,0.010638298,0,0,0,0,0,0,0
Dragonair,Uncommon,No,158/197,$0.05 ,$0.10 ,$0.10 ,0,0,0,0,0.013888889,0.013888889,0.013888889,0,0,0,0
Dragonite ex,Double Rare,No,159/197,$1.80 ,—,$1.98 ,0,0,0,0,0,0,0,0,0,0.006480952,0
Altaria,Uncommon,No,160/197,$0.05 ,$0.10 ,$0.10 ,0,0,0,0,0.013888889,0.013888889,0.013888889,0,0,0,0
Drampa,Uncommon,No,161/197,$0.07 ,$0.10 ,$0.10 ,0,0,0,0,0.013888889,0.013888889,0.013888889,0,0,0,0
Pidgey,Common,No,162/197,$0.14 ,$0.16 ,$0.25 ,0.010638298,0.010638298,0.010638298,0.010638298,0,0,0,0,0,0,0
Pidgeotto,Uncommon,No,163/197,$0.07 ,$0.12 ,$0.10 ,0,0,0,0,0.013888889,0.013888889,0.013888889,0,0,0,0
Pidgeot ex,Double Rare,No,164/197,$8.27 ,—,$9.10 ,0,0,0,0,0,0,0,0,0,0.006480952,0
Kangaskhan,Uncommon,No,165/197,$0.07 ,$0.10 ,$0.10 ,0,0,0,0,0.013888889,0.013888889,0.013888889,0,0,0,0
Eevee,Common,No,166/197,$0.08 ,$0.12 ,$0.10 ,0.010638298,0.010638298,0.010638298,0.010638298,0,0,0,0,0,0,0
Zigzagoon,Common,No,167/197,$0.04 ,$0.10 ,$0.10 ,0.010638298,0.010638298,0.010638298,0.010638298,0,0,0,0,0,0,0
Linoone,Common,No,168/197,$0.05 ,$0.10 ,$0.10 ,0.010638298,0.010638298,0.010638298,0.010638298,0,0,0,0,0,0,0
Swablu,Common,No,169/197,$0.05 ,$0.10 ,$0.10 ,0.010638298,0.010638298,0.010638298,0.010638298,0,0,0,0,0,0,0
Lillipup,Common,No,170/197,$0.05 ,$0.10 ,$0.10 ,0.010638298,0.010638298,0.010638298,0.010638298,0,0,0,0,0,0,0
Herdier,Common,No,171/197,$0.06 ,$0.10 ,$0.10 ,0.010638298,0.010638298,0.010638298,0.010638298,0,0,0,0,0,0,0
Stoutland,Uncommon,No,172/197,$0.09 ,$0.10 ,$0.10 ,0,0,0,0,0.013888889,0.013888889,0.013888889,0,0,0,0
Audino,Common,No,173/197,$0.05 ,$0.10 ,$0.10 ,0.010638298,0.010638298,0.010638298,0.010638298,0,0,0,0,0,0,0
Bouffalant,Uncommon,No,174/197,$0.06 ,$0.10 ,$0.10 ,0,0,0,0,0.013888889,0.013888889,0.013888889,0,0,0,0
Bunnelby,Common,No,175/197,$0.04 ,$0.09 ,$0.10 ,0.010638298,0.010638298,0.010638298,0.010638298,0,0,0,0,0,0,0
Yungoos,Common,No,176/197,$0.05 ,$0.10 ,$0.10 ,0.010638298,0.010638298,0.010638298,0.010638298,0,0,0,0,0,0,0
Gumshoos,Uncommon,No,177/197,$0.04 ,$0.10 ,$0.10 ,0,0,0,0,0.013888889,0.013888889,0.013888889,0,0,0,0
Skwovet,Common,No,178/197,$0.05 ,$0.10 ,$0.10 ,0.010638298,0.010638298,0.010638298,0.010638298,0,0,0,0,0,0,0
Greedent ex,Double Rare,No,179/197,$0.66 ,—,$1.00 ,0,0,0,0,0,0,0,0,0,0.006480952,0
Lechonk - 180/197,Common,No,180/197,$0.07 ,$0.10 ,$0.10 ,0.010638298,0.010638298,0.010638298,0.010638298,0,0,0,0,0,0,0
Lechonk - 181/197,Common,No,181/197,$0.05 ,$0.10 ,$0.10 ,0.010638298,0.010638298,0.010638298,0.010638298,0,0,0,0,0,0,0
Lechonk - 182/197,Common,No,182/197,$0.04 ,$0.10 ,$0.10 ,0.010638298,0.010638298,0.010638298,0.010638298,0,0,0,0,0,0,0
Oinkologne - 183/197,Uncommon,No,183/197,$0.06 ,$0.10 ,$0.10 ,0,0,0,0,0.013888889,0.013888889,0.013888889,0,0,0,0
Oinkologne - 184/197,Uncommon,No,184/197,$0.06 ,$0.10 ,$0.10 ,0,0,0,0,0.013888889,0.013888889,0.013888889,0,0,0,0
Flamigo,Uncommon,No,185/197,$0.04 ,$0.09 ,$0.10 ,0,0,0,0,0.013888889,0.013888889,0.013888889,0,0,0,0
Arven,Uncommon,No,186/197,$0.10 ,$0.11 ,$0.10 ,0,0,0,0,0.013888889,0.013888889,0.013888889,0,0,0,0
Brassius,Uncommon,No,187/197,$0.10 ,$0.14 ,$0.10 ,0,0,0,0,0.013888889,0.013888889,0.013888889,0,0,0,0
Geeta,Rare,No,188/197,$0.11 ,—,$0.25 ,0,0,0,0,0,0,0,0,0,0.07976,0
Letter of Encouragement,Uncommon,No,189/197,$0.14 ,$0.17 ,$0.25 ,0,0,0,0,0.013888889,0.013888889,0.013888889,0,0,0,0
Ortega,Uncommon,No,190/197,$0.09 ,$0.11 ,$0.10 ,0,0,0,0,0.013888889,0.013888889,0.013888889,0,0,0,0
Patrol Cap,Uncommon,No,191/197,$0.09 ,$0.11 ,$0.10 ,0,0,0,0,0.013888889,0.013888889,0.013888889,0,0,0,0
Pokemon League Headquarters,Uncommon,No,192/197,$0.20 ,$0.23 ,$0.25 ,0,0,0,0,0.013888889,0.013888889,0.013888889,0,0,0,0
Poppy,Uncommon,No,193/197,$0.13 ,$0.15 ,$0.25 ,0,0,0,0,0.013888889,0.013888889,0.013888889,0,0,0,0
Ryme,Common,No,194/197,$0.10 ,$0.11 ,$0.10 ,0.010638298,0.010638298,0.010638298,0.010638298,0,0,0,0,0,0,0
Team Star Grunt,Common,No,195/197,$0.06 ,$0.10 ,$0.10 ,0.010638298,0.010638298,0.010638298,0.010638298,0,0,0,0,0,0,0
Town Store,Common,No,196/197,$0.11 ,$0.16 ,$0.25 ,0.010638298,0.010638298,0.010638298,0.010638298,0,0,0,0,0,0,0
Vengeful Punch,Uncommon,No,197/197,$0.29 ,$0.30 ,$0.50 ,0,0,0,0,0.013888889,0.013888889,0.013888889,0,0,0,0
Gloom - 198/197,Illustration Rare,No,198/197,$3.67 ,—,$4.04 ,0,0,0,0,0,0,0,0,0.006333333,0,0
Ninetales -199/197,Illustration Rare,No,199/197,$9.25 ,—,$10.18 ,0,0,0,0,0,0,0,0,0.006333333,0,0
Palafin - 200/197,Illustration Rare,No,200/197,$3.18 ,—,$3.50 ,0,0,0,0,0,0,0,0,0.006333333,0,0
Bellibolt - 201/197,Illustration Rare,No,201/197,$1.50 ,—,$1.65 ,0,0,0,0,0,0,0,0,0.006333333,0,0
Cleffa - 202/197,Illustration Rare,No,202/197,$5.80 ,—,$6.38 ,0,0,0,0,0,0,0,0,0.006333333,0,0
Larvitar - 203/197,Illustration Rare,No,203/197,$1.68 ,—,$1.85 ,0,0,0,0,0,0,0,0,0.006333333,0,0
Houndour - 204/197,Illustration Rare,No,204/197,$2.22 ,—,$2.44 ,0,0,0,0,0,0,0,0,0.006333333,0,0
Scizor - 205/197,Illustration Rare,No,205/197,$4.36 ,—,$4.80 ,0,0,0,0,0,0,0,0,0.006333333,0,0
Varoom - 206/197,Illustration Rare,No,206/197,$1.34 ,—,$1.47 ,0,0,0,0,0,0,0,0,0.006333333,0,0
Pidgey - 207/197,Illustration Rare,No,207/197,$8.09 ,—,$8.90 ,0,0,0,0,0,0,0,0,0.006333333,0,0
Pidgeotto - 208/197,Illustration Rare,No,208/197,$3.17 ,—,$3.49 ,0,0,0,0,0,0,0,0,0.006333333,0,0
Lechonk - 209/197,Illustration Rare,No,209/197,$2.15 ,—,$2.37 ,0,0,0,0,0,0,0,0,0.006333333,0,0
Eiscue ex - 210-197,Ultra Rare,No,210/197,$1.87 ,—,$2.06 ,0,0,0,0,0,0,0,0,0,0.005525,0
Tyranitar ex - 211/197,Ultra Rare,No,211/197,$7.56 ,—,$8.32 ,0,0,0,0,0,0,0,0,0,0.005525,0
Vespiquen ex - 212/197,Ultra Rare,No,212/197,$2.12 ,—,$2.33 ,0,0,0,0,0,0,0,0,0,0.005525,0
Glimmora ex - 213/197,Ultra Rare,No,213/197,$1.46 ,—,$1.61 ,0,0,0,0,0,0,0,0,0,0.005525,0
Absol ex - 214/197,Ultra Rare,No,214/197,$1.58 ,—,$1.74 ,0,0,0,0,0,0,0,0,0,0.005525,0
Charizard ex - 215/197,Ultra Rare,No,215/197,$29.38 ,—,$32.32 ,0,0,0,0,0,0,0,0,0,0.005525,0
Revavroom ex - 216/197,Ultra Rare,No,216/197,$1.02 ,—,$1.12 ,0,0,0,0,0,0,0,0,0,0.005525,0
Pidgeot ex - 217/197,Ultra Rare,No,217/197,$7.85 ,—,$8.64 ,0,0,0,0,0,0,0,0,0,0.005525,0
Geeta - 218/197,Ultra Rare,No,218/197,$2.40 ,—,$2.64 ,0,0,0,0,0,0,0,0,0,0.005525,0
Ortega - 219/197,Ultra Rare,No,219/197,$1.56 ,—,$1.72 ,0,0,0,0,0,0,0,0,0,0.005525,0
Poppy - 220/197,Ultra Rare,No,220/197,$1.72 ,—,$1.89 ,0,0,0,0,0,0,0,0,0,0.005525,0
Ryme - 221/197,Ultra Rare,No,221/197,$1.56 ,—,$1.72 ,0,0,0,0,0,0,0,0,0,0.005525,0
Eiscue ex - 222/197,Special Illustration Rare,No,222/197,$4.41 ,—,$4.85 ,0,0,0,0,0,0,0,0,0.005216667,0,0
Charizard ex - 223/197,Special Illustration Rare,No,223/197,$91.45 ,—,$100.60 ,0,0,0,0,0,0,0,0,0.005216667,0,0
Revavroom ex - 224/197,Special Illustration Rare,No,224/197,$3.51 ,—,$3.86 ,0,0,0,0,0,0,0,0,0.005216667,0,0
Pidgeot ex - 225/197,Special Illustration Rare,No,225/197,$17.02 ,—,$18.72 ,0,0,0,0,0,0,0,0,0.005216667,0,0
Geeta - 226/197,Special Illustration Rare,No,226/197,$8.43 ,—,$9.27 ,0,0,0,0,0,0,0,0,0.005216667,0,0
Poppy - 227/197,Special Illustration Rare,No,227/197,$4.29 ,—,$4.72 ,0,0,0,0,0,0,0,0,0.005216667,0,0
Charizard ex - 228/197,Hyper Rare,No,228/197,$31.42 ,—,$34.56 ,0,0,0,0,0,0,0,0,0.0064,0,0
Artazon - 229/197,Hyper Rare,No,229/197,$4.19 ,—,$4.61 ,0,0,0,0,0,0,0,0,0.0064,0,0
Basic Fire Energy - 230/197,Hyper Rare,No,230/197,$5.24 ,—,$5.76 ,0,0,0,0,0,0,0,0,0.0064,0,0
Oddish,Common_RH,Yes,RH_001/197,$0.04 ,$0.08 ,$0.25 ,0,0,0,0,0,0,0,0.005681818,0.004963068,0,0
Gloom,Common_RH,Yes,RH_002/197,$0.06 ,$0.10 ,$0.25 ,0,0,0,0,0,0,0,0.005681818,0.004963068,0,0
Bellossom,Uncommon_RH,Yes,RH_003/197,$0.07 ,$0.10 ,$0.25 ,0,0,0,0,0,0,0,0.005681818,0.004963068,0,0
Scyther,Common_RH,Yes,RH_004/197,$0.09 ,$0.11 ,$0.25 ,0,0,0,0,0,0,0,0.005681818,0.004963068,0,0
Shuckle,Common_RH,Yes,RH_005/197,$0.05 ,$0.10 ,$0.25 ,0,0,0,0,0,0,0,0.005681818,0.004963068,0,0
Surskit,Common_RH,Yes,RH_006/197,$0.03 ,$0.09 ,$0.25 ,0,0,0,0,0,0,0,0.005681818,0.004963068,0,0
Masquerain,Uncommon_RH,Yes,RH_007/197,$0.05 ,$0.10 ,$0.25 ,0,0,0,0,0,0,0,0.005681818,0.004963068,0,0
Combee,Common_RH,Yes,RH_008/197,$0.03 ,$0.08 ,$0.25 ,0,0,0,0,0,0,0,0.005681818,0.004963068,0,0
Foongus,Common_RH,Yes,RH_009/197,$0.05 ,$0.09 ,$0.25 ,0,0,0,0,0,0,0,0.005681818,0.004963068,0,0
Amoonguss,Uncommon_RH,Yes,RH_010/197,$0.06 ,$0.10 ,$0.25 ,0,0,0,0,0,0,0,0.005681818,0.004963068,0,0
Phantump,Common_RH,Yes,RH_011/197,$0.03 ,$0.10 ,$0.25 ,0,0,0,0,0,0,0,0.005681818,0.004963068,0,0
Trevenant,Uncommon_RH,Yes,RH_012/197,$0.07 ,$0.10 ,$0.25 ,0,0,0,0,0,0,0,0.005681818,0.004963068,0,0
Rowlet,Common_RH,Yes,RH_013/197,$0.05 ,$0.10 ,$0.25 ,0,0,0,0,0,0,0,0.005681818,0.004963068,0,0
Dartrix,Uncommon_RH,Yes,RH_014/197,$0.09 ,$0.09 ,$0.25 ,0,0,0,0,0,0,0,0.005681818,0.004963068,0,0
Bounsweet,Common_RH,Yes,RH_016/197,$0.04 ,$0.06 ,$0.25 ,0,0,0,0,0,0,0,0.005681818,0.004963068,0,0
Steenee,Common_RH,Yes,RH_017/197,$0.04 ,$0.10 ,$0.25 ,0,0,0,0,0,0,0,0.005681818,0.004963068,0,0
Tsareena,Uncommon_RH,Yes,RH_018/197,$0.07 ,$0.10 ,$0.25 ,0,0,0,0,0,0,0,0.005681818,0.004963068,0,0
Smoliv,Common_RH,Yes,RH_019/197,$0.03 ,$0.08 ,$0.25 ,0,0,0,0,0,0,0,0.005681818,0.004963068,0,0
Dolliv,Common_RH,Yes,RH_020/197,$0.06 ,$0.10 ,$0.25 ,0,0,0,0,0,0,0,0.005681818,0.004963068,0,0
Arboliva,Uncommon_RH,Yes,RH_021/197,$0.08 ,$0.10 ,$0.25 ,0,0,0,0,0,0,0,0.005681818,0.004963068,0,0
Capsakid - 023/197,Common_RH,Yes,RH_023/197,$0.04 ,$0.10 ,$0.25 ,0,0,0,0,0,0,0,0.005681818,0.004963068,0,0
Capsakid - 024/197,Common_RH,Yes,RH_024/197,$0.06 ,$0.08 ,$0.25 ,0,0,0,0,0,0,0,0.005681818,0.004963068,0,0
Scovillain,Rare_RH,Yes,RH_025/197,$0.05 ,—,$0.50 ,0,0,0,0,0,0,0,0.005681818,0.004963068,0,0
Charmander,Common_RH,Yes,RH_026/197,$0.08 ,$0.11 ,$0.25 ,0,0,0,0,0,0,0,0.005681818,0.004963068,0,0
Charmeleon,Uncommon_RH,Yes,RH_027/197,$0.09 ,$0.11 ,$0.25 ,0,0,0,0,0,0,0,0.005681818,0.004963068,0,0
Vulpix,Common_RH,Yes,RH_028/197,$0.05 ,$0.10 ,$0.25 ,0,0,0,0,0,0,0,0.005681818,0.004963068,0,0
Ninetales,Uncommon_RH,Yes,RH_029/197,$0.08 ,$0.12 ,$0.25 ,0,0,0,0,0,0,0,0.005681818,0.004963068,0,0
Entei,Rare_RH,Yes,RH_030/197,$0.07 ,—,$0.50 ,0,0,0,0,0,0,0,0.005681818,0.004963068,0,0
Numel,Common_RH,Yes,RH_031/197,$0.03 ,$0.08 ,$0.25 ,0,0,0,0,0,0,0,0.005681818,0.004963068,0,0
Camerupt,Uncommon_RH,Yes,RH_032/197,$0.05 ,$0.10 ,$0.25 ,0,0,0,0,0,0,0,0.005681818,0.004963068,0,0
Darumaka,Common_RH,Yes,RH_034/197,$0.03 ,$0.08 ,$0.25 ,0,0,0,0,0,0,0,0.005681818,0.004963068,0,0
Darmanitan,Uncommon_RH,Yes,RH_035/197,$0.04 ,$0.10 ,$0.25 ,0,0,0,0,0,0,0,0.005681818,0.004963068,0,0
Litwick,Common_RH,Yes,RH_036/197,$0.04 ,$0.08 ,$0.25 ,0,0,0,0,0,0,0,0.005681818,0.004963068,0,0
Lampent,Common_RH,Yes,RH_037/197,$0.06 ,$0.10 ,$0.25 ,0,0,0,0,0,0,0,0.005681818,0.004963068,0,0
Chandelure,Uncommon_RH,Yes,RH_038/197,$0.07 ,$0.11 ,$0.25 ,0,0,0,0,0,0,0,0.005681818,0.004963068,0,0
Heatmor,Common_RH,Yes,RH_039/197,$0.04 ,$0.10 ,$0.25 ,0,0,0,0,0,0,0,0.005681818,0.004963068,0,0
Larvesta,Common_RH,Yes,RH_040/197,$0.03 ,$0.06 ,$0.25 ,0,0,0,0,0,0,0,0.005681818,0.004963068,0,0
Volcarona,Uncommon_RH,Yes,RH_041/197,$0.07 ,$0.10 ,$0.25 ,0,0,0,0,0,0,0,0.005681818,0.004963068,0,0
Charcadet,Common_RH,Yes,RH_043/197,$0.04 ,$0.08 ,$0.25 ,0,0,0,0,0,0,0,0.005681818,0.004963068,0,0
Armarouge,Uncommon_RH,Yes,RH_044/197,$0.05 ,$0.10 ,$0.25 ,0,0,0,0,0,0,0,0.005681818,0.004963068,0,0
Lapras,Uncommon_RH,Yes,RH_045/197,$0.06 ,$0.10 ,$0.25 ,0,0,0,0,0,0,0,0.005681818,0.004963068,0,0
Carvanha,Common_RH,Yes,RH_046/197,$0.04 ,$0.10 ,$0.25 ,0,0,0,0,0,0,0,0.005681818,0.004963068,0,0
Sharpedo,Uncommon_RH,Yes,RH_047/197,$0.06 ,$0.11 ,$0.25 ,0,0,0,0,0,0,0,0.005681818,0.004963068,0,0
Buizel,Common_RH,Yes,RH_048/197,$0.03 ,$0.05 ,$0.25 ,0,0,0,0,0,0,0,0.005681818,0.004963068,0,0
Floatzel,Uncommon_RH,Yes,RH_049/197,$0.03 ,$0.10 ,$0.25 ,0,0,0,0,0,0,0,0.005681818,0.004963068,0,0
Tympole,Common_RH,Yes,RH_050/197,$0.05 ,$0.10 ,$0.25 ,0,0,0,0,0,0,0,0.005681818,0.004963068,0,0
Palpitoad,Common_RH,Yes,RH_051/197,$0.05 ,$0.10 ,$0.25 ,0,0,0,0,0,0,0,0.005681818,0.004963068,0,0
Seismitoad,Uncommon_RH,Yes,RH_052/197,$0.09 ,$0.15 ,$0.25 ,0,0,0,0,0,0,0,0.005681818,0.004963068,0,0
Cubchoo,Common_RH,Yes,RH_053/197,$0.04 ,$0.10 ,$0.25 ,0,0,0,0,0,0,0,0.005681818,0.004963068,0,0
Beartic,Uncommon_RH,Yes,RH_054/197,$0.05 ,$0.10 ,$0.25 ,0,0,0,0,0,0,0,0.005681818,0.004963068,0,0
Cryogonal,Common_RH,Yes,RH_055/197,$0.05 ,$0.10 ,$0.25 ,0,0,0,0,0,0,0,0.005681818,0.004963068,0,0
Froakie,Common_RH,Yes,RH_056/197,$0.05 ,$0.10 ,$0.25 ,0,0,0,0,0,0,0,0.005681818,0.004963068,0,0
Frogadier,Uncommon_RH,Yes,RH_057/197,$0.05 ,$0.10 ,$0.25 ,0,0,0,0,0,0,0,0.005681818,0.004963068,0,0
Wiglett,Common_RH,Yes,RH_058/197,$0.03 ,$0.10 ,$0.25 ,0,0,0,0,0,0,0,0.005681818,0.004963068,0,0
Wugtrio,Uncommon_RH,Yes,RH_059/197,$0.06 ,$0.10 ,$0.25 ,0,0,0,0,0,0,0,0.005681818,0.004963068,0,0
Finizen 60/197,Common_RH,Yes,RH_060/197,$0.08 ,$0.12 ,$0.25 ,0,0,0,0,0,0,0,0.005681818,0.004963068,0,0
Finizen 061/197,Common_RH,Yes,RH_061/197,$0.06 ,$0.10 ,$0.25 ,0,0,0,0,0,0,0,0.005681818,0.004963068,0,0
Palafin,Rare_RH,Yes,RH_062/197,$0.08 ,—,$0.50 ,0,0,0,0,0,0,0,0.005681818,0.004963068,0,0
Magnemite,Common_RH,Yes,RH_063/197,$0.03 ,$0.08 ,$0.25 ,0,0,0,0,0,0,0,0.005681818,0.004963068,0,0
Magneton,Common_RH,Yes,RH_064/197,$0.06 ,$0.10 ,$0.25 ,0,0,0,0,0,0,0,0.005681818,0.004963068,0,0
Magnezone,Uncommon_RH,Yes,RH_065/197,$0.07 ,$0.10 ,$0.25 ,0,0,0,0,0,0,0,0.005681818,0.004963068,0,0
Tynamo,Common_RH,Yes,RH_067/197,$0.05 ,$0.10 ,$0.25 ,0,0,0,0,0,0,0,0.005681818,0.004963068,0,0
Eelektrik,Common_RH,Yes,RH_068/197,$0.05 ,$0.10 ,$0.25 ,0,0,0,0,0,0,0,0.005681818,0.004963068,0,0
Eelektross,Uncommon_RH,Yes,RH_069/197,$0.08 ,$0.13 ,$0.25 ,0,0,0,0,0,0,0,0.005681818,0.004963068,0,0
Thundurus,Rare_RH,Yes,RH_070/197,$0.03 ,—,$0.50 ,0,0,0,0,0,0,0,0.005681818,0.004963068,0,0
Toxel,Common_RH,Yes,RH_071/197,$0.05 ,$0.10 ,$0.25 ,0,0,0,0,0,0,0,0.005681818,0.004963068,0,0
Toxtricity,Rare_RH,Yes,RH_072/197,$0.07 ,—,$0.50 ,0,0,0,0,0,0,0,0.005681818,0.004963068,0,0
Tadbulb 074/197,Common_RH,Yes,RH_074/197,$0.05 ,$0.10 ,$0.25 ,0,0,0,0,0,0,0,0.005681818,0.004963068,0,0
Tadbulb 075/197,Common_RH,Yes,RH_075/197,$0.06 ,$0.10 ,$0.25 ,0,0,0,0,0,0,0,0.005681818,0.004963068,0,0
Tadbulb 076/197,Common_RH,Yes,RH_076/197,$0.06 ,$0.10 ,$0.25 ,0,0,0,0,0,0,0,0.005681818,0.004963068,0,0
Bellibolt 077/197,Uncommon_RH,Yes,RH_077/197,$0.07 ,$0.12 ,$0.25 ,0,0,0,0,0,0,0,0.005681818,0.004963068,0,0
Bellibolt 078/197,Uncommon_RH,Yes,RH_078/197,$0.07 ,$0.14 ,$0.25 ,0,0,0,0,0,0,0,0.005681818,0.004963068,0,0
Cleffa,Common_RH,Yes,RH_080/197,$0.08 ,$0.13 ,$0.25 ,0,0,0,0,0,0,0,0.005681818,0.004963068,0,0
Clefairy,Common_RH,Yes,RH_081/197,$0.09 ,$0.10 ,$0.25 ,0,0,0,0,0,0,0,0.005681818,0.004963068,0,0
Togepi,Common_RH,Yes,RH_083/197,$0.05 ,$0.10 ,$0.25 ,0,0,0,0,0,0,0,0.005681818,0.004963068,0,0
Togetic,Uncommon_RH,Yes,RH_084/197,$0.05 ,$0.10 ,$0.25 ,0,0,0,0,0,0,0,0.005681818,0.004963068,0,0
Togekiss,Rare_RH,Yes,RH_085/197,$0.06 ,$0.49 ,$0.50 ,0,0,0,0,0,0,0,0.005681818,0.004963068,0,0
Espeon,Uncommon_RH,Yes,RH_086/197,$0.11 ,$0.15 ,$0.50 ,0,0,0,0,0,0,0,0.005681818,0.004963068,0,0
Snubbull,Common_RH,Yes,RH_087/197,$0.07 ,$0.10 ,$0.25 ,0,0,0,0,0,0,0,0.005681818,0.004963068,0,0
Granbull,Uncommon_RH,Yes,RH_088/197,$0.04 ,$0.10 ,$0.25 ,0,0,0,0,0,0,0,0.005681818,0.004963068,0,0
Mawile - 089/197,Common_RH,Yes,RH_089/197,$0.07 ,$0.10 ,$0.25 ,0,0,0,0,0,0,0,0.005681818,0.004963068,0,0
Spoink,Common_RH,Yes,RH_090/197,$0.04 ,$0.10 ,$0.25 ,0,0,0,0,0,0,0,0.005681818,0.004963068,0,0
Grumpig,Uncommon_RH,Yes,RH_091/197,$0.04 ,$0.10 ,$0.25 ,0,0,0,0,0,0,0,0.005681818,0.004963068,0,0
Lunatone,Uncommon_RH,Yes,RH_092/197,$0.06 ,$0.10 ,$0.25 ,0,0,0,0,0,0,0,0.005681818,0.004963068,0,0
Solrock,Uncommon_RH,Yes,RH_093/197,$0.07 ,$0.12 ,$0.25 ,0,0,0,0,0,0,0,0.005681818,0.004963068,0,0
Baltoy,Common_RH,Yes,RH_094/197,$0.03 ,$0.08 ,$0.25 ,0,0,0,0,0,0,0,0.005681818,0.004963068,0,0
Claydol,Rare_RH,Yes,RH_095/197,$0.05 ,—,$0.50 ,0,0,0,0,0,0,0,0.005681818,0.004963068,0,0
Sinistea,Common_RH,Yes,RH_097/197,$0.05 ,$0.10 ,$0.25 ,0,0,0,0,0,0,0,0.005681818,0.004963068,0,0
Polteageist,Uncommon_RH,Yes,RH_098/197,$0.04 ,$0.10 ,$0.25 ,0,0,0,0,0,0,0,0.005681818,0.004963068,0,0
Greavard - 099/197,Common_RH,Yes,RH_099/197,$0.06 ,$0.10 ,$0.25 ,0,0,0,0,0,0,0,0.005681818,0.004963068,0,0
Greavard - 100/197,Common_RH,Yes,RH_100/197,$0.05 ,$0.10 ,$0.25 ,0,0,0,0,0,0,0,0.005681818,0.004963068,0,0
Houndstone,Uncommon_RH,Yes,RH_101/197,$0.06 ,$0.10 ,$0.25 ,0,0,0,0,0,0,0,0.005681818,0.004963068,0,0
Diglett,Common_RH,Yes,RH_103/197,$0.04 ,$0.10 ,$0.25 ,0,0,0,0,0,0,0,0.005681818,0.004963068,0,0
Dugtrio,Uncommon_RH,Yes,RH_104/197,$0.04 ,$0.10 ,$0.25 ,0,0,0,0,0,0,0,0.005681818,0.004963068,0,0
Larvitar,Common_RH,Yes,RH_105/197,$0.06 ,$0.10 ,$0.25 ,0,0,0,0,0,0,0,0.005681818,0.004963068,0,0
Pupitar,Uncommon_RH,Yes,RH_106/197,$0.07 ,$0.13 ,$0.25 ,0,0,0,0,0,0,0,0.005681818,0.004963068,0,0
Nosepass,Common_RH,Yes,RH_107/197,$0.04 ,$0.10 ,$0.25 ,0,0,0,0,0,0,0,0.005681818,0.004963068,0,0
Barboach,Common_RH,Yes,RH_108/197,$0.04 ,$0.10 ,$0.25 ,0,0,0,0,0,0,0,0.005681818,0.004963068,0,0
Whiscash,Uncommon_RH,Yes,RH_109/197,$0.05 ,$0.10 ,$0.25 ,0,0,0,0,0,0,0,0.005681818,0.004963068,0,0
Bonsly,Common_RH,Yes,RH_110/197,$0.07 ,$0.10 ,$0.25 ,0,0,0,0,0,0,0,0.005681818,0.004963068,0,0
Drilbur,Common_RH,Yes,RH_111/197,$0.06 ,$0.10 ,$0.25 ,0,0,0,0,0,0,0,0.005681818,0.004963068,0,0
Stunfisk,Uncommon_RH,Yes,RH_112/197,$0.04 ,$0.10 ,$0.25 ,0,0,0,0,0,0,0,0.005681818,0.004963068,0,0
Diggersby,Uncommon_RH,Yes,RH_113/197,$0.04 ,$0.09 ,$0.25 ,0,0,0,0,0,0,0,0.005681818,0.004963068,0,0
Crabrawler,Common_RH,Yes,RH_114/197,$0.05 ,$0.10 ,$0.25 ,0,0,0,0,0,0,0,0.005681818,0.004963068,0,0
Crabominable,Uncommon_RH,Yes,RH_115/197,$0.03 ,$0.09 ,$0.25 ,0,0,0,0,0,0,0,0.005681818,0.004963068,0,0
Rockruff,Common_RH,Yes,RH_116/197,$0.05 ,$0.10 ,$0.25 ,0,0,0,0,0,0,0,0.005681818,0.004963068,0,0
Lycanroc,Uncommon_RH,Yes,RH_117/197,$0.04 ,$0.10 ,$0.25 ,0,0,0,0,0,0,0,0.005681818,0.004963068,0,0
Toedscool,Common_RH,Yes,RH_118/197,$0.03 ,$0.09 ,$0.25 ,0,0,0,0,0,0,0,0.005681818,0.004963068,0,0
Toedscruel,Uncommon_RH,Yes,RH_119/197,$0.05 ,$0.10 ,$0.25 ,0,0,0,0,0,0,0,0.005681818,0.004963068,0,0
Glimmet - 121/197,Common_RH,Yes,RH_121/197,$0.04 ,$0.10 ,$0.25 ,0,0,0,0,0,0,0,0.005681818,0.004963068,0,0
Glimmet - 122/197,Common_RH,Yes,RH_122/197,$0.04 ,$0.10 ,$0.25 ,0,0,0,0,0,0,0,0.005681818,0.004963068,0,0
Paldean Wooper - 126/197,Common_RH,Yes,RH_126/197,$0.07 ,$0.10 ,$0.25 ,0,0,0,0,0,0,0,0.005681818,0.004963068,0,0
Paldean Wooper - 127/197,Common_RH,Yes,RH_127/197,$0.06 ,$0.10 ,$0.25 ,0,0,0,0,0,0,0,0.005681818,0.004963068,0,0
Paldean Clodsire - 128/197,Uncommon_RH,Yes,RH_128/197,$0.09 ,$0.14 ,$0.25 ,0,0,0,0,0,0,0,0.005681818,0.004963068,0,0
Paldean Clodsire - 129/197,Uncommon_RH,Yes,RH_129/197,$0.09 ,$0.15 ,$0.25 ,0,0,0,0,0,0,0,0.005681818,0.004963068,0,0
Umbreon,Uncommon_RH,Yes,RH_130/197,$0.18 ,$0.20 ,$0.50 ,0,0,0,0,0,0,0,0.005681818,0.004963068,0,0
Houndour - 131/197,Common_RH,Yes,RH_131/197,$0.05 ,$0.10 ,$0.25 ,0,0,0,0,0,0,0,0.005681818,0.004963068,0,0
Houndour - 132/197,Common_RH,Yes,RH_132/197,$0.05 ,$0.10 ,$0.25 ,0,0,0,0,0,0,0,0.005681818,0.004963068,0,0
Houndoom,Uncommon_RH,Yes,RH_133/197,$0.05 ,$0.10 ,$0.25 ,0,0,0,0,0,0,0,0.005681818,0.004963068,0,0
Darkrai,Rare_RH,Yes,RH_136/197,$0.06 ,—,$0.50 ,0,0,0,0,0,0,0,0.005681818,0.004963068,0,0
Inkay,Common_RH,Yes,RH_137/197,$0.06 ,$0.09 ,$0.25 ,0,0,0,0,0,0,0,0.005681818,0.004963068,0,0
Malamar,Uncommon_RH,Yes,RH_138/197,$0.04 ,$0.10 ,$0.25 ,0,0,0,0,0,0,0,0.005681818,0.004963068,0,0
Salandit,Common_RH,Yes,RH_139/197,$0.04 ,$0.09 ,$0.25 ,0,0,0,0,0,0,0,0.005681818,0.004963068,0,0
Salazzle,Uncommon_RH,Yes,RH_140/197,$0.03 ,$0.10 ,$0.25 ,0,0,0,0,0,0,0,0.005681818,0.004963068,0,0
Scizor,Rare_RH,Yes,RH_141/197,$0.09 ,—,$0.50 ,0,0,0,0,0,0,0,0.005681818,0.004963068,0,0
Skarmory,Uncommon_RH,Yes,RH_142/197,$0.05 ,$0.10 ,$0.25 ,0,0,0,0,0,0,0,0.005681818,0.004963068,0,0
Mawile,Uncommon_RH,Yes,RH_143/197,$0.05 ,$0.10 ,$0.25 ,0,0,0,0,0,0,0,0.005681818,0.004963068,0,0
Bronzor,Common_RH,Yes,RH_144/197,$0.04 ,$0.10 ,$0.25 ,0,0,0,0,0,0,0,0.005681818,0.004963068,0,0
Bronzong,Uncommon_RH,Yes,RH_145/197,$0.03 ,$0.09 ,$0.25 ,0,0,0,0,0,0,0,0.005681818,0.004963068,0,0
Probopass,Uncommon_RH,Yes,RH_146/197,$0.04 ,$0.10 ,$0.25 ,0,0,0,0,0,0,0,0.005681818,0.004963068,0,0
Excadrill,Uncommon_RH,Yes,RH_147/197,$0.05 ,$0.09 ,$0.25 ,0,0,0,0,0,0,0,0.005681818,0.004963068,0,0
Pawniard,Common_RH,Yes,RH_148/197,$0.04 ,$0.09 ,$0.25 ,0,0,0,0,0,0,0,0.005681818,0.004963068,0,0
Bisharp,Common_RH,Yes,RH_149/197,$0.05 ,$0.10 ,$0.25 ,0,0,0,0,0,0,0,0.005681818,0.004963068,0,0
Kingambit,Uncommon_RH,Yes,RH_150/197,$0.10 ,$0.15 ,$0.25 ,0,0,0,0,0,0,0,0.005681818,0.004963068,0,0
Togedemaru,Common_RH,Yes,RH_151/197,$0.05 ,$0.10 ,$0.25 ,0,0,0,0,0,0,0,0.005681818,0.004963068,0,0
Meltan,Common_RH,Yes,RH_152/197,$0.06 ,$0.10 ,$0.25 ,0,0,0,0,0,0,0,0.005681818,0.004963068,0,0
Varoom - 154/197,Common_RH,Yes,RH_154/197,$0.05 ,$0.10 ,$0.25 ,0,0,0,0,0,0,0,0.005681818,0.004963068,0,0
Varoom - 155/197,Common_RH,Yes,RH_155/197,$0.06 ,$0.10 ,$0.25 ,0,0,0,0,0,0,0,0.005681818,0.004963068,0,0
Dratini,Common_RH,Yes,RH_157/197,$0.04 ,$0.10 ,$0.25 ,0,0,0,0,0,0,0,0.005681818,0.004963068,0,0
Dragonair,Uncommon_RH,Yes,RH_158/197,$0.05 ,$0.10 ,$0.25 ,0,0,0,0,0,0,0,0.005681818,0.004963068,0,0
Altaria,Uncommon_RH,Yes,RH_160/197,$0.05 ,$0.10 ,$0.25 ,0,0,0,0,0,0,0,0.005681818,0.004963068,0,0
Drampa,Uncommon_RH,Yes,RH_161/197,$0.07 ,$0.10 ,$0.25 ,0,0,0,0,0,0,0,0.005681818,0.004963068,0,0
Pidgey,Common_RH,Yes,RH_162/197,$0.14 ,$0.16 ,$0.50 ,0,0,0,0,0,0,0,0.005681818,0.004963068,0,0
Pidgeotto,Uncommon_RH,Yes,RH_163/197,$0.07 ,$0.12 ,$0.25 ,0,0,0,0,0,0,0,0.005681818,0.004963068,0,0
Kangaskhan,Uncommon_RH,Yes,RH_165/197,$0.07 ,$0.10 ,$0.25 ,0,0,0,0,0,0,0,0.005681818,0.004963068,0,0
Eevee,Common_RH,Yes,RH_166/197,$0.08 ,$0.12 ,$0.25 ,0,0,0,0,0,0,0,0.005681818,0.004963068,0,0
Zigzagoon,Common_RH,Yes,RH_167/197,$0.04 ,$0.10 ,$0.25 ,0,0,0,0,0,0,0,0.005681818,0.004963068,0,0
Linoone,Common_RH,Yes,RH_168/197,$0.05 ,$0.10 ,$0.25 ,0,0,0,0,0,0,0,0.005681818,0.004963068,0,0
Swablu,Common_RH,Yes,RH_169/197,$0.05 ,$0.10 ,$0.25 ,0,0,0,0,0,0,0,0.005681818,0.004963068,0,0
Lillipup,Common_RH,Yes,RH_170/197,$0.05 ,$0.10 ,$0.25 ,0,0,0,0,0,0,0,0.005681818,0.004963068,0,0
Herdier,Common_RH,Yes,RH_171/197,$0.06 ,$0.10 ,$0.25 ,0,0,0,0,0,0,0,0.005681818,0.004963068,0,0
Stoutland,Uncommon_RH,Yes,RH_172/197,$0.09 ,$0.10 ,$0.25 ,0,0,0,0,0,0,0,0.005681818,0.004963068,0,0
Audino,Common_RH,Yes,RH_173/197,$0.05 ,$0.10 ,$0.25 ,0,0,0,0,0,0,0,0.005681818,0.004963068,0,0
Bouffalant,Uncommon_RH,Yes,RH_174/197,$0.06 ,$0.10 ,$0.25 ,0,0,0,0,0,0,0,0.005681818,0.004963068,0,0
Bunnelby,Common_RH,Yes,RH_175/197,$0.04 ,$0.09 ,$0.25 ,0,0,0,0,0,0,0,0.005681818,0.004963068,0,0
Yungoos,Common_RH,Yes,RH_176/197,$0.05 ,$0.10 ,$0.25 ,0,0,0,0,0,0,0,0.005681818,0.004963068,0,0
Gumshoos,Uncommon_RH,Yes,RH_177/197,$0.04 ,$0.10 ,$0.25 ,0,0,0,0,0,0,0,0.005681818,0.004963068,0,0
Skwovet,Common_RH,Yes,RH_178/197,$0.05 ,$0.10 ,$0.25 ,0,0,0,0,0,0,0,0.005681818,0.004963068,0,0
Lechonk - 180/197,Common_RH,Yes,RH_180/197,$0.07 ,$0.10 ,$0.25 ,0,0,0,0,0,0,0,0.005681818,0.004963068,0,0
Lechonk - 181/197,Common_RH,Yes,RH_181/197,$0.05 ,$0.10 ,$0.25 ,0,0,0,0,0,0,0,0.005681818,0.004963068,0,0
Lechonk - 182/197,Common_RH,Yes,RH_182/197,$0.04 ,$0.10 ,$0.25 ,0,0,0,0,0,0,0,0.005681818,0.004963068,0,0
Oinkologne - 183/197,Uncommon_RH,Yes,RH_183/197,$0.06 ,$0.10 ,$0.25 ,0,0,0,0,0,0,0,0.005681818,0.004963068,0,0
Oinkologne - 184/197,Uncommon_RH,Yes,RH_184/197,$0.06 ,$0.10 ,$0.25 ,0,0,0,0,0,0,0,0.005681818,0.004963068,0,0
Flamigo,Uncommon_RH,Yes,RH_185/197,$0.04 ,$0.09 ,$0.25 ,0,0,0,0,0,0,0,0.005681818,0.004963068,0,0
Arven,Uncommon_RH,Yes,RH_186/197,$0.10 ,$0.11 ,$0.25 ,0,0,0,0,0,0,0,0.005681818,0.004963068,0,0
Brassius,Uncommon_RH,Yes,RH_187/197,$0.10 ,$0.14 ,$0.25 ,0,0,0,0,0,0,0,0.005681818,0.004963068,0,0
Geeta,Rare_RH,Yes,RH_188/197,$0.11 ,—,$0.50 ,0,0,0,0,0,0,0,0.005681818,0.004963068,0,0
Letter of Encouragement,Uncommon_RH,Yes,RH_189/197,$0.14 ,$0.17 ,$0.50 ,0,0,0,0,0,0,0,0.005681818,0.004963068,0,0
Ortega,Uncommon_RH,Yes,RH_190/197,$0.09 ,$0.11 ,$0.25 ,0,0,0,0,0,0,0,0.005681818,0.004963068,0,0
Patrol Cap,Uncommon_RH,Yes,RH_191/197,$0.09 ,$0.11 ,$0.25 ,0,0,0,0,0,0,0,0.005681818,0.004963068,0,0
Pokemon League Headquarters,Uncommon_RH,Yes,RH_192/197,$0.20 ,$0.23 ,$0.50 ,0,0,0,0,0,0,0,0.005681818,0.004963068,0,0
Poppy,Uncommon_RH,Yes,RH_193/197,$0.13 ,$0.15 ,$0.50 ,0,0,0,0,0,0,0,0.005681818,0.004963068,0,0
Ryme,Common_RH,Yes,RH_194/197,$0.10 ,$0.11 ,$0.25 ,0,0,0,0,0,0,0,0.005681818,0.004963068,0,0
Team Star Grunt,Common_RH,Yes,RH_195/197,$0.06 ,$0.10 ,$0.25 ,0,0,0,0,0,0,0,0.005681818,0.004963068,0,0
Town Store,Common_RH,Yes,RH_196/197,$0.11 ,$0.16 ,$0.50 ,0,0,0,0,0,0,0,0.005681818,0.004963068,0,0
Vengeful Punch,Uncommon_RH,Yes,RH_197/197,$0.29 ,$0.30 ,$1.00 ,0,0,0,0,0,0,0,0.005681818,0.004963068,0,0
Code Card - Obsidian Flames Booster Pack,Code Card,No,,$0.08 ,$0.09 ,$0.10 ,0,0,0,0,0,0,0,0,0,0,1
